,Dynamic_model_log_likelihood,time,failure counter
gene_1,-137.06327856185746,0:00:04.891640,0
gene_2,-124.65843184146911,0:00:01.084261,0
