,Dynamic_model_log_likelihood,Constant_model_log_likelihood,log_likelihood_ratio
gene_1,-137.0632799188656,-144.4414796629512,7.378199744085606
gene_2,-123.81752073907522,-124.8375911165043,1.0200703774290787
