,Dynamic_model_log_likelihood,Dynamic_time
gene_1,-137.06327856185746,0:00:04.429394
gene_2,-124.65843184146911,0:00:00.962277
