,Shared_log_likelihood,model_1_log_likelihood,model_2_log_likelihood,log_likelihood_ratio
SPBC2F12.09c,-434.1284761773923,-91.20916934845525,-119.22581602629896,223.6934908026381
SPAC29A4.13,-234.50718709745402,-115.85408164777814,-95.87285817308302,22.78024727659286
SPAC22A12.11,-494.6963913513548,-264.153268502265,-207.2357957641516,23.30732708493821
SPAC1039.07c,-225.88764897022486,-127.09975195369151,-98.55404232725806,0.23385468927529018
SPNCRNA.1488,-201.8468773734043,-95.7735821588455,-86.6536557694649,19.419639445093907
